{"name":"c67b2c1e-0a3b-4f77-8360-6af9ddc79995","id":"/providers/Microsoft.Flow/flows/c67b2c1e-0a3b-4f77-8360-6af9ddc79995","type":"Microsoft.Flow/flows","properties":{"apiId":"/providers/Microsoft.PowerApps/apis/shared_logicflows","displayName":"BugHerd connector test flow","definition":{"metadata":{"workflowEntityId":null,"creator":{"id":"39e6f5a7-661b-4e4e-8d8b-ac904975c356","type":"User","tenantId":"588a0d72-38c0-453c-9c19-d1c98d5e262e"},"provisioningMethod":"FromDefinition","failureAlertSubscription":true,"clientLastModifiedTime":"2020-06-17T14:09:28.1284428Z"},"$schema":"https://schema.management.azure.com/providers/Microsoft.Logic/schemas/2016-06-01/workflowdefinition.json#","contentVersion":"1.0.0.0","parameters":{"$connections":{"defaultValue":{},"type":"Object"},"$authentication":{"defaultValue":{},"type":"SecureObject"}},"triggers":{"manual":{"type":"Request","kind":"Button","inputs":{"schema":{"type":"object","properties":{"file":{"title":"File Content","type":"object","x-ms-dynamically-added":true,"description":"Please select file or image","x-ms-content-hint":"FILE","properties":{"name":{"type":"string"},"contentBytes":{"type":"string","format":"byte"}}},"text":{"title":"File Name","type":"string","x-ms-dynamically-added":true,"description":"Please enter your input","x-ms-content-hint":"TEXT"}},"required":["file","text"]}}}},"actions":{"Show_organization":{"runAfter":{},"metadata":{"flowSystemMetadata":{"swaggerOperationId":"Show_Organization"}},"type":"ApiConnection","inputs":{"host":{"connection":{"name":"@json(decodeBase64(triggerOutputs().headers['X-MS-APIM-Tokens']))['$connections']['shared_bugherd-5f7e2d04e9460fc365-5f63c3b9d6a4eca576_1']['connectionId']"},"api":{"runtimeUrl":"https://europe-002.azure-apim.net/apim/bugherd-5f7e2d04e9460fc365-5f63c3b9d6a4eca576"}},"method":"get","path":"/organization.json","authentication":{"type":"Raw","value":"@json(decodeBase64(triggerOutputs().headers['X-MS-APIM-Tokens']))['$ConnectionKey']"}}},"Initialize_variable_Organization":{"runAfter":{"Show_organization":["Succeeded"]},"type":"InitializeVariable","inputs":{"variables":[{"name":"Organization","type":"object","value":"@body('Show_organization')"}]}},"List_all_users":{"runAfter":{"Initialize_variable_Organization":["Succeeded"]},"metadata":{"flowSystemMetadata":{"swaggerOperationId":"List_All_Users"}},"type":"ApiConnection","inputs":{"host":{"connection":{"name":"@json(decodeBase64(triggerOutputs().headers['X-MS-APIM-Tokens']))['$connections']['shared_bugherd-5f7e2d04e9460fc365-5f63c3b9d6a4eca576_1']['connectionId']"},"api":{"runtimeUrl":"https://europe-002.azure-apim.net/apim/bugherd-5f7e2d04e9460fc365-5f63c3b9d6a4eca576"}},"method":"get","path":"/users.json","authentication":{"type":"Raw","value":"@json(decodeBase64(triggerOutputs().headers['X-MS-APIM-Tokens']))['$ConnectionKey']"}}},"Initialize_variable_AllUsers":{"runAfter":{"List_all_users":["Succeeded"]},"type":"InitializeVariable","inputs":{"variables":[{"name":"AllUsers","type":"object","value":"@body('List_all_users')"}]}},"List_members":{"runAfter":{"Initialize_variable_AllUsers":["Succeeded"]},"metadata":{"flowSystemMetadata":{"swaggerOperationId":"List_All_Members"}},"type":"ApiConnection","inputs":{"host":{"connection":{"name":"@json(decodeBase64(triggerOutputs().headers['X-MS-APIM-Tokens']))['$connections']['shared_bugherd-5f7e2d04e9460fc365-5f63c3b9d6a4eca576_1']['connectionId']"},"api":{"runtimeUrl":"https://europe-002.azure-apim.net/apim/bugherd-5f7e2d04e9460fc365-5f63c3b9d6a4eca576"}},"method":"get","path":"/users/members.json","authentication":{"type":"Raw","value":"@json(decodeBase64(triggerOutputs().headers['X-MS-APIM-Tokens']))['$ConnectionKey']"}}},"Initialize_variable_AllMembers":{"runAfter":{"List_members":["Succeeded"]},"type":"InitializeVariable","inputs":{"variables":[{"name":"AllMembers","type":"object","value":"@body('List_members')"}]}},"List_guests":{"runAfter":{"Initialize_variable_AllMembers":["Succeeded"]},"metadata":{"flowSystemMetadata":{"swaggerOperationId":"List_All_Guests"}},"type":"ApiConnection","inputs":{"host":{"connection":{"name":"@json(decodeBase64(triggerOutputs().headers['X-MS-APIM-Tokens']))['$connections']['shared_bugherd-5f7e2d04e9460fc365-5f63c3b9d6a4eca576_1']['connectionId']"},"api":{"runtimeUrl":"https://europe-002.azure-apim.net/apim/bugherd-5f7e2d04e9460fc365-5f63c3b9d6a4eca576"}},"method":"get","path":"/users/guests.json","authentication":{"type":"Raw","value":"@json(decodeBase64(triggerOutputs().headers['X-MS-APIM-Tokens']))['$ConnectionKey']"}}},"Initialize_variable_AllGuests":{"runAfter":{"List_guests":["Succeeded"]},"type":"InitializeVariable","inputs":{"variables":[{"name":"AllGuests","type":"object","value":"@body('List_guests')"}]}},"Create_project":{"runAfter":{"Initialize_variable_AllGuests":["Succeeded"]},"metadata":{"flowSystemMetadata":{"swaggerOperationId":"Create_Project"}},"type":"ApiConnection","inputs":{"host":{"connection":{"name":"@json(decodeBase64(triggerOutputs().headers['X-MS-APIM-Tokens']))['$connections']['shared_bugherd-5f7e2d04e9460fc365-5f63c3b9d6a4eca576_1']['connectionId']"},"api":{"runtimeUrl":"https://europe-002.azure-apim.net/apim/bugherd-5f7e2d04e9460fc365-5f63c3b9d6a4eca576"}},"method":"post","body":{"project":{"name":"TestProject","devurl":"http://test.com","is_active":true,"is_public":false}},"path":"/projects.json","authentication":{"type":"Raw","value":"@json(decodeBase64(triggerOutputs().headers['X-MS-APIM-Tokens']))['$ConnectionKey']"}}},"Initialize_variable_NewProject":{"runAfter":{"Create_project":["Succeeded"]},"type":"InitializeVariable","inputs":{"variables":[{"name":"NewProject","type":"object","value":"@body('Create_project')"}]}},"Add_new_task":{"runAfter":{"Set_variable_AllColumns":["Succeeded"]},"metadata":{"flowSystemMetadata":{"swaggerOperationId":"Add_New_Task"}},"type":"ApiConnection","inputs":{"host":{"connection":{"name":"@json(decodeBase64(triggerOutputs().headers['X-MS-APIM-Tokens']))['$connections']['shared_bugherd-5f7e2d04e9460fc365-5f63c3b9d6a4eca576_1']['connectionId']"},"api":{"runtimeUrl":"https://europe-002.azure-apim.net/apim/bugherd-5f7e2d04e9460fc365-5f63c3b9d6a4eca576"}},"method":"post","body":{"task":{"description":"Lorem ipsum dolor","priority":"critical","status":"backlog","tag_names":["UI"]}},"path":"/projects/@{encodeURIComponent(variables('ProjectId'))}/tasks.json","authentication":{"type":"Raw","value":"@json(decodeBase64(triggerOutputs().headers['X-MS-APIM-Tokens']))['$ConnectionKey']"}}},"Initialize_variable_AllProjects":{"runAfter":{"List_projects":["Succeeded"]},"type":"InitializeVariable","inputs":{"variables":[{"name":"AllProjects","type":"object","value":"@body('List_projects')"}]}},"List_projects":{"runAfter":{"Set_variable_NewProject":["Succeeded"]},"metadata":{"flowSystemMetadata":{"swaggerOperationId":"List_All_Projects"}},"type":"ApiConnection","inputs":{"host":{"connection":{"name":"@json(decodeBase64(triggerOutputs().headers['X-MS-APIM-Tokens']))['$connections']['shared_bugherd-5f7e2d04e9460fc365-5f63c3b9d6a4eca576_1']['connectionId']"},"api":{"runtimeUrl":"https://europe-002.azure-apim.net/apim/bugherd-5f7e2d04e9460fc365-5f63c3b9d6a4eca576"}},"method":"get","path":"/projects.json","authentication":{"type":"Raw","value":"@json(decodeBase64(triggerOutputs().headers['X-MS-APIM-Tokens']))['$ConnectionKey']"}}},"Initialize_variable_ProjectID":{"runAfter":{"Initialize_variable_NewProject":["Succeeded"]},"type":"InitializeVariable","inputs":{"variables":[{"name":"ProjectId","type":"integer","value":"@body('Create_project')?['project']?['id']"}]}},"Initialize_variable_NewTask":{"runAfter":{"Add_new_task":["Succeeded"]},"type":"InitializeVariable","inputs":{"variables":[{"name":"NewTask","type":"object","value":"@body('Add_new_task')"}]}},"List_columns":{"runAfter":{"Initialize_variable_NewColumn":["Succeeded"]},"metadata":{"flowSystemMetadata":{"swaggerOperationId":"Get_Project"}},"type":"ApiConnection","inputs":{"host":{"connection":{"name":"@json(decodeBase64(triggerOutputs().headers['X-MS-APIM-Tokens']))['$connections']['shared_bugherd-5f7e2d04e9460fc365-5f63c3b9d6a4eca576_1']['connectionId']"},"api":{"runtimeUrl":"https://europe-002.azure-apim.net/apim/bugherd-5f7e2d04e9460fc365-5f63c3b9d6a4eca576"}},"method":"get","path":"/projects/@{encodeURIComponent(variables('ProjectId'))}/columns.json","authentication":{"type":"Raw","value":"@json(decodeBase64(triggerOutputs().headers['X-MS-APIM-Tokens']))['$ConnectionKey']"}}},"Create_colum":{"runAfter":{"Initialize_variable_AllProjects":["Succeeded"]},"metadata":{"flowSystemMetadata":{"swaggerOperationId":"Create_column"}},"type":"ApiConnection","inputs":{"host":{"connection":{"name":"@json(decodeBase64(triggerOutputs().headers['X-MS-APIM-Tokens']))['$connections']['shared_bugherd-5f7e2d04e9460fc365-5f63c3b9d6a4eca576_1']['connectionId']"},"api":{"runtimeUrl":"https://europe-002.azure-apim.net/apim/bugherd-5f7e2d04e9460fc365-5f63c3b9d6a4eca576"}},"method":"post","body":{"column":{"name":"triage"}},"path":"/projects/@{encodeURIComponent(variables('ProjectId'))}/columns.json","authentication":{"type":"Raw","value":"@json(decodeBase64(triggerOutputs().headers['X-MS-APIM-Tokens']))['$ConnectionKey']"}}},"Initialize_variable_NewColumn":{"runAfter":{"Initialize_variable_ColumnID":["Succeeded"]},"type":"InitializeVariable","inputs":{"variables":[{"name":"NewColumn","type":"object","value":"@body('Create_colum')"}]}},"Initialize_variable_ColumnID":{"runAfter":{"Create_colum":["Succeeded"]},"type":"InitializeVariable","inputs":{"variables":[{"name":"ColumnId","type":"integer","value":"@body('Create_colum')?['column']?['id']"}]}},"Update_column":{"runAfter":{"Initialize_variable_AllColumns":["Succeeded"]},"metadata":{"flowSystemMetadata":{"swaggerOperationId":"Update_Project"}},"type":"ApiConnection","inputs":{"host":{"connection":{"name":"@json(decodeBase64(triggerOutputs().headers['X-MS-APIM-Tokens']))['$connections']['shared_bugherd-5f7e2d04e9460fc365-5f63c3b9d6a4eca576_1']['connectionId']"},"api":{"runtimeUrl":"https://europe-002.azure-apim.net/apim/bugherd-5f7e2d04e9460fc365-5f63c3b9d6a4eca576"}},"method":"put","body":{"column":{"name":"pending"}},"path":"/projects/@{encodeURIComponent(variables('ProjectId'))}/columns/@{encodeURIComponent(variables('ColumnId'))}.json","authentication":{"type":"Raw","value":"@json(decodeBase64(triggerOutputs().headers['X-MS-APIM-Tokens']))['$ConnectionKey']"}}},"Initialize_variable_AllColumns":{"runAfter":{"List_columns":["Succeeded"]},"type":"InitializeVariable","inputs":{"variables":[{"name":"AllColumns","type":"object","value":"@body('List_columns')"}]}},"Set_variable_NewColumn":{"runAfter":{"Update_column":["Succeeded"]},"type":"SetVariable","inputs":{"name":"NewColumn","value":"@body('Update_column')"}},"List_columns_2":{"runAfter":{"Set_variable_NewColumn":["Succeeded"]},"metadata":{"flowSystemMetadata":{"swaggerOperationId":"Get_Project"}},"type":"ApiConnection","inputs":{"host":{"connection":{"name":"@json(decodeBase64(triggerOutputs().headers['X-MS-APIM-Tokens']))['$connections']['shared_bugherd-5f7e2d04e9460fc365-5f63c3b9d6a4eca576_1']['connectionId']"},"api":{"runtimeUrl":"https://europe-002.azure-apim.net/apim/bugherd-5f7e2d04e9460fc365-5f63c3b9d6a4eca576"}},"method":"get","path":"/projects/@{encodeURIComponent(variables('ProjectId'))}/columns.json","authentication":{"type":"Raw","value":"@json(decodeBase64(triggerOutputs().headers['X-MS-APIM-Tokens']))['$ConnectionKey']"}}},"Set_variable_AllColumns":{"runAfter":{"List_columns_2":["Succeeded"]},"type":"SetVariable","inputs":{"name":"AllColumns","value":"@body('List_columns_2')"}},"List_tasks":{"runAfter":{"Initialize_variable_NewTask":["Succeeded"]},"metadata":{"flowSystemMetadata":{"swaggerOperationId":"Get_Project"}},"type":"ApiConnection","inputs":{"host":{"connection":{"name":"@json(decodeBase64(triggerOutputs().headers['X-MS-APIM-Tokens']))['$connections']['shared_bugherd-5f7e2d04e9460fc365-5f63c3b9d6a4eca576_1']['connectionId']"},"api":{"runtimeUrl":"https://europe-002.azure-apim.net/apim/bugherd-5f7e2d04e9460fc365-5f63c3b9d6a4eca576"}},"method":"get","path":"/projects/@{encodeURIComponent(variables('ProjectId'))}/tasks.json","authentication":{"type":"Raw","value":"@json(decodeBase64(triggerOutputs().headers['X-MS-APIM-Tokens']))['$ConnectionKey']"}}},"Initialize_variable_AllTasks":{"runAfter":{"Initialize_variable_TaskID":["Succeeded"]},"type":"InitializeVariable","inputs":{"variables":[{"name":"AllTasks","type":"object","value":"@body('List_tasks')"}]}},"Update_task":{"runAfter":{"Set_variable":["Succeeded"]},"metadata":{"flowSystemMetadata":{"swaggerOperationId":"Update_Project"}},"type":"ApiConnection","inputs":{"host":{"connection":{"name":"@json(decodeBase64(triggerOutputs().headers['X-MS-APIM-Tokens']))['$connections']['shared_bugherd-5f7e2d04e9460fc365-5f63c3b9d6a4eca576_1']['connectionId']"},"api":{"runtimeUrl":"https://europe-002.azure-apim.net/apim/bugherd-5f7e2d04e9460fc365-5f63c3b9d6a4eca576"}},"method":"put","body":{"task":{"description":"@{concat(body('Add_new_task')?['task']?['description'], ' updated')}","priority":"not set","status":"todo"}},"path":"/projects/@{encodeURIComponent(variables('ProjectId'))}/tasks/@{encodeURIComponent(variables('TaskId'))}.json","authentication":{"type":"Raw","value":"@json(decodeBase64(triggerOutputs().headers['X-MS-APIM-Tokens']))['$ConnectionKey']"}}},"Initialize_variable_TaskID":{"runAfter":{"List_tasks":["Succeeded"]},"type":"InitializeVariable","inputs":{"variables":[{"name":"TaskId","type":"integer","value":"@body('Add_new_task')?['task']?['id']"}]}},"Set_variable_NewTask":{"runAfter":{"Update_task":["Succeeded"]},"type":"SetVariable","inputs":{"name":"NewTask","value":"@body('Update_task')"}},"List_tasks_2":{"runAfter":{"Set_variable_NewTask":["Succeeded"]},"metadata":{"flowSystemMetadata":{"swaggerOperationId":"Get_Project"}},"type":"ApiConnection","inputs":{"host":{"connection":{"name":"@json(decodeBase64(triggerOutputs().headers['X-MS-APIM-Tokens']))['$connections']['shared_bugherd-5f7e2d04e9460fc365-5f63c3b9d6a4eca576_1']['connectionId']"},"api":{"runtimeUrl":"https://europe-002.azure-apim.net/apim/bugherd-5f7e2d04e9460fc365-5f63c3b9d6a4eca576"}},"method":"get","path":"/projects/@{encodeURIComponent(variables('ProjectId'))}/tasks.json","queries":{"filter":"status=todo"},"authentication":{"type":"Raw","value":"@json(decodeBase64(triggerOutputs().headers['X-MS-APIM-Tokens']))['$ConnectionKey']"}}},"Set_variable_AllTasks":{"runAfter":{"List_tasks_2":["Succeeded"]},"type":"SetVariable","inputs":{"name":"AllTasks","value":"@body('List_tasks_2')"}},"Create_comment":{"runAfter":{"Set_variable_AllTasks":["Succeeded"]},"metadata":{"flowSystemMetadata":{"swaggerOperationId":"Create_Comment"}},"type":"ApiConnection","inputs":{"host":{"connection":{"name":"@json(decodeBase64(triggerOutputs().headers['X-MS-APIM-Tokens']))['$connections']['shared_bugherd-5f7e2d04e9460fc365-5f63c3b9d6a4eca576_1']['connectionId']"},"api":{"runtimeUrl":"https://europe-002.azure-apim.net/apim/bugherd-5f7e2d04e9460fc365-5f63c3b9d6a4eca576"}},"method":"post","body":{"comment":{"text":"Lorem ipsum"}},"path":"/projects/@{encodeURIComponent(variables('ProjectId'))}/tasks/@{encodeURIComponent(variables('TaskId'))}/comments.json","authentication":{"type":"Raw","value":"@json(decodeBase64(triggerOutputs().headers['X-MS-APIM-Tokens']))['$ConnectionKey']"}}},"Initialize_variable_NewComment":{"runAfter":{"Create_comment":["Succeeded"]},"type":"InitializeVariable","inputs":{"variables":[{"name":"NewComment","type":"object","value":"@body('Create_comment')"}]}},"Initialize_variable_CommentID":{"runAfter":{"Initialize_variable_NewComment":["Succeeded"]},"type":"InitializeVariable","inputs":{"variables":[{"name":"CommentId","type":"integer","value":"@body('Create_comment')?['comment']?['id']"}]}},"List_comments":{"runAfter":{"Initialize_variable_CommentID":["Succeeded"]},"metadata":{"flowSystemMetadata":{"swaggerOperationId":"Get_Project"}},"type":"ApiConnection","inputs":{"host":{"connection":{"name":"@json(decodeBase64(triggerOutputs().headers['X-MS-APIM-Tokens']))['$connections']['shared_bugherd-5f7e2d04e9460fc365-5f63c3b9d6a4eca576_1']['connectionId']"},"api":{"runtimeUrl":"https://europe-002.azure-apim.net/apim/bugherd-5f7e2d04e9460fc365-5f63c3b9d6a4eca576"}},"method":"get","path":"/projects/@{encodeURIComponent(variables('ProjectId'))}/tasks/@{encodeURIComponent(variables('TaskId'))}/comments.json","authentication":{"type":"Raw","value":"@json(decodeBase64(triggerOutputs().headers['X-MS-APIM-Tokens']))['$ConnectionKey']"}}},"Show_task":{"runAfter":{"Initialize_variable_AllTasks":["Succeeded"]},"metadata":{"flowSystemMetadata":{"swaggerOperationId":"Get_Project"}},"type":"ApiConnection","inputs":{"host":{"connection":{"name":"@json(decodeBase64(triggerOutputs().headers['X-MS-APIM-Tokens']))['$connections']['shared_bugherd-5f7e2d04e9460fc365-5f63c3b9d6a4eca576_1']['connectionId']"},"api":{"runtimeUrl":"https://europe-002.azure-apim.net/apim/bugherd-5f7e2d04e9460fc365-5f63c3b9d6a4eca576"}},"method":"get","path":"/projects/@{encodeURIComponent(variables('ProjectId'))}/tasks/@{encodeURIComponent(variables('TaskId'))}.json","authentication":{"type":"Raw","value":"@json(decodeBase64(triggerOutputs().headers['X-MS-APIM-Tokens']))['$ConnectionKey']"}}},"Set_variable":{"runAfter":{"Show_task":["Succeeded"]},"type":"SetVariable","inputs":{"name":"NewTask","value":"@body('Show_task')"}},"Get_a_project":{"runAfter":{"Initialize_variable_ProjectID":["Succeeded"]},"metadata":{"flowSystemMetadata":{"swaggerOperationId":"Get_Project"}},"type":"ApiConnection","inputs":{"host":{"connection":{"name":"@json(decodeBase64(triggerOutputs().headers['X-MS-APIM-Tokens']))['$connections']['shared_bugherd-5f7e2d04e9460fc365-5f63c3b9d6a4eca576_1']['connectionId']"},"api":{"runtimeUrl":"https://europe-002.azure-apim.net/apim/bugherd-5f7e2d04e9460fc365-5f63c3b9d6a4eca576"}},"method":"get","path":"/projects/@{encodeURIComponent(variables('ProjectId'))}.json","authentication":{"type":"Raw","value":"@json(decodeBase64(triggerOutputs().headers['X-MS-APIM-Tokens']))['$ConnectionKey']"}}},"Set_variable_NewProject":{"runAfter":{"Get_a_project":["Succeeded"]},"type":"SetVariable","inputs":{"name":"NewProject","value":"@body('Get_a_project')"}},"Create_attachment":{"runAfter":{"Initialize_variable_AllComments":["Succeeded"]},"metadata":{"flowSystemMetadata":{"swaggerOperationId":"Create_Attachment"}},"type":"ApiConnection","inputs":{"host":{"connection":{"name":"@json(decodeBase64(triggerOutputs().headers['X-MS-APIM-Tokens']))['$connections']['shared_bugherd-5f7e2d04e9460fc365-5f63c3b9d6a4eca576_1']['connectionId']"},"api":{"runtimeUrl":"https://europe-002.azure-apim.net/apim/bugherd-5f7e2d04e9460fc365-5f63c3b9d6a4eca576"}},"method":"post","body":{"attachment":{"file_name":"test.png","url":"http://test.com/test.png"}},"path":"/projects/@{encodeURIComponent(variables('ProjectId'))}/tasks/@{encodeURIComponent(variables('TaskId'))}/attachments.json","authentication":{"type":"Raw","value":"@json(decodeBase64(triggerOutputs().headers['X-MS-APIM-Tokens']))['$ConnectionKey']"}}},"Initialize_variable_AllComments":{"runAfter":{"List_comments":["Succeeded"]},"type":"InitializeVariable","inputs":{"variables":[{"name":"AllComments","type":"object","value":"@body('List_comments')"}]}},"Initialize_variable_NewAttachment":{"runAfter":{"Initialize_variable_AttachmentID":["Succeeded"]},"type":"InitializeVariable","inputs":{"variables":[{"name":"NewAttachment","type":"object","value":"@body('Create_attachment')"}]}},"Show_attachment":{"runAfter":{"Initialize_variable_NewAttachment":["Succeeded"]},"metadata":{"flowSystemMetadata":{"swaggerOperationId":"Get_Project"}},"type":"ApiConnection","inputs":{"host":{"connection":{"name":"@json(decodeBase64(triggerOutputs().headers['X-MS-APIM-Tokens']))['$connections']['shared_bugherd-5f7e2d04e9460fc365-5f63c3b9d6a4eca576_1']['connectionId']"},"api":{"runtimeUrl":"https://europe-002.azure-apim.net/apim/bugherd-5f7e2d04e9460fc365-5f63c3b9d6a4eca576"}},"method":"get","path":"/projects/@{encodeURIComponent(variables('ProjectId'))}/tasks/@{encodeURIComponent(variables('TaskId'))}/attachments/@{encodeURIComponent(variables('AttachmentId'))}.json","authentication":{"type":"Raw","value":"@json(decodeBase64(triggerOutputs().headers['X-MS-APIM-Tokens']))['$ConnectionKey']"}}},"Initialize_variable_AttachmentID":{"runAfter":{"Create_attachment":["Succeeded"]},"type":"InitializeVariable","inputs":{"variables":[{"name":"AttachmentId","type":"integer","value":"@body('Create_attachment')?['attachment']?['id']"}]}},"Set_variable_NewAttachment":{"runAfter":{"Show_attachment":["Succeeded"]},"type":"SetVariable","inputs":{"name":"NewAttachment","value":"@body('Show_attachment')"}},"List_attachments":{"runAfter":{"Upload_attachment":["Succeeded"]},"metadata":{"flowSystemMetadata":{"swaggerOperationId":"Get_Project"}},"type":"ApiConnection","inputs":{"host":{"connection":{"name":"@json(decodeBase64(triggerOutputs().headers['X-MS-APIM-Tokens']))['$connections']['shared_bugherd-5f7e2d04e9460fc365-5f63c3b9d6a4eca576_1']['connectionId']"},"api":{"runtimeUrl":"https://europe-002.azure-apim.net/apim/bugherd-5f7e2d04e9460fc365-5f63c3b9d6a4eca576"}},"method":"get","path":"/projects/@{encodeURIComponent(variables('ProjectId'))}/tasks/@{encodeURIComponent(variables('TaskId'))}/attachments.json","authentication":{"type":"Raw","value":"@json(decodeBase64(triggerOutputs().headers['X-MS-APIM-Tokens']))['$ConnectionKey']"}}},"Initialize_variable_AllAttachments":{"runAfter":{"List_attachments":["Succeeded"]},"type":"InitializeVariable","inputs":{"variables":[{"name":"AllAttachments","type":"object","value":"@body('List_attachments')"}]}},"Delete_attachment":{"runAfter":{"Initialize_variable_AllAttachments":["Succeeded"]},"metadata":{"flowSystemMetadata":{"swaggerOperationId":"Delete_Project"}},"type":"ApiConnection","inputs":{"host":{"connection":{"name":"@json(decodeBase64(triggerOutputs().headers['X-MS-APIM-Tokens']))['$connections']['shared_bugherd-5f7e2d04e9460fc365-5f63c3b9d6a4eca576_1']['connectionId']"},"api":{"runtimeUrl":"https://europe-002.azure-apim.net/apim/bugherd-5f7e2d04e9460fc365-5f63c3b9d6a4eca576"}},"method":"delete","path":"/projects/@{encodeURIComponent(variables('ProjectId'))}/tasks/@{encodeURIComponent(variables('TaskId'))}/attachments/@{encodeURIComponent(variables('AttachmentId'))}.json","authentication":{"type":"Raw","value":"@json(decodeBase64(triggerOutputs().headers['X-MS-APIM-Tokens']))['$ConnectionKey']"}}},"Initialize_variable_DeleteAttachmentRespone":{"runAfter":{"Delete_attachment":["Succeeded"]},"type":"InitializeVariable","inputs":{"variables":[{"name":"DeleteAttachmentResponse","type":"object","value":"@body('Delete_attachment')"}]}},"List_attachments_2":{"runAfter":{"Initialize_variable_DeleteAttachmentRespone":["Succeeded"]},"metadata":{"flowSystemMetadata":{"swaggerOperationId":"Get_Project"}},"type":"ApiConnection","inputs":{"host":{"connection":{"name":"@json(decodeBase64(triggerOutputs().headers['X-MS-APIM-Tokens']))['$connections']['shared_bugherd-5f7e2d04e9460fc365-5f63c3b9d6a4eca576_1']['connectionId']"},"api":{"runtimeUrl":"https://europe-002.azure-apim.net/apim/bugherd-5f7e2d04e9460fc365-5f63c3b9d6a4eca576"}},"method":"get","path":"/projects/@{encodeURIComponent(variables('ProjectId'))}/tasks/@{encodeURIComponent(variables('TaskId'))}/attachments.json","authentication":{"type":"Raw","value":"@json(decodeBase64(triggerOutputs().headers['X-MS-APIM-Tokens']))['$ConnectionKey']"}}},"Set_variable_AllAttachments":{"runAfter":{"List_attachments_2":["Succeeded"]},"type":"SetVariable","inputs":{"name":"AllAttachments","value":"@body('List_attachments_2')"}},"Delete_a_project":{"runAfter":{"Set_variable_AllAttachments":["Succeeded"]},"metadata":{"flowSystemMetadata":{"swaggerOperationId":"Delete_Project"}},"type":"ApiConnection","inputs":{"host":{"connection":{"name":"@json(decodeBase64(triggerOutputs().headers['X-MS-APIM-Tokens']))['$connections']['shared_bugherd-5f7e2d04e9460fc365-5f63c3b9d6a4eca576_1']['connectionId']"},"api":{"runtimeUrl":"https://europe-002.azure-apim.net/apim/bugherd-5f7e2d04e9460fc365-5f63c3b9d6a4eca576"}},"method":"delete","path":"/projects/@{encodeURIComponent(variables('ProjectId'))}.json","authentication":{"type":"Raw","value":"@json(decodeBase64(triggerOutputs().headers['X-MS-APIM-Tokens']))['$ConnectionKey']"}}},"Initialize_variable_DeleteProjectResponse":{"runAfter":{"Delete_a_project":["Succeeded"]},"type":"InitializeVariable","inputs":{"variables":[{"name":"DeleteProjectResponse","type":"object","value":"@body('Delete_a_project')"}]}},"List_active_projects":{"runAfter":{"Initialize_variable_DeleteProjectResponse":["Succeeded"]},"metadata":{"flowSystemMetadata":{"swaggerOperationId":"List_Active_Projects"}},"type":"ApiConnection","inputs":{"host":{"connection":{"name":"@json(decodeBase64(triggerOutputs().headers['X-MS-APIM-Tokens']))['$connections']['shared_bugherd-5f7e2d04e9460fc365-5f63c3b9d6a4eca576_1']['connectionId']"},"api":{"runtimeUrl":"https://europe-002.azure-apim.net/apim/bugherd-5f7e2d04e9460fc365-5f63c3b9d6a4eca576"}},"method":"get","path":"/projects/active.json","authentication":{"type":"Raw","value":"@json(decodeBase64(triggerOutputs().headers['X-MS-APIM-Tokens']))['$ConnectionKey']"}}},"Set_variable_AllProjects":{"runAfter":{"List_active_projects":["Succeeded"]},"type":"SetVariable","inputs":{"name":"AllProjects","value":"@body('List_active_projects')"}},"Upload_attachment":{"runAfter":{"Set_variable_NewAttachment":["Succeeded"]},"metadata":{"flowSystemMetadata":{"swaggerOperationId":"Upload_Attachment"}},"type":"ApiConnection","inputs":{"host":{"connection":{"name":"@json(decodeBase64(triggerOutputs().headers['X-MS-APIM-Tokens']))['$connections']['shared_bugherd-5f7e2d04e9460fc365-5f63c3b9d6a4eca576_1']['connectionId']"},"api":{"runtimeUrl":"https://europe-002.azure-apim.net/apim/bugherd-5f7e2d04e9460fc365-5f63c3b9d6a4eca576"}},"method":"post","path":"/projects/@{encodeURIComponent(variables('ProjectId'))}/tasks/@{encodeURIComponent(variables('TaskId'))}/attachments/upload","queries":{"file_name":"@triggerBody()['text']"},"body":{"$content-type":"multipart/form-data","$multipart":[{"headers":{"Content-Disposition":"form-data; name=\"file_contents\""},"body":"@base64ToString(triggerBody()['file']['contentBytes'])"}]},"authentication":{"type":"Raw","value":"@json(decodeBase64(triggerOutputs().headers['X-MS-APIM-Tokens']))['$ConnectionKey']"}}}}},"connectionReferences":{"shared_bugherd-5f7e2d04e9460fc365-5f63c3b9d6a4eca576_1":{"connectionName":"47de66ec35794f93bce2ed21090ae5b6","source":"Invoker","id":"/providers/Microsoft.PowerApps/apis/shared_bugherd-5f7e2d04e9460fc365-5f63c3b9d6a4eca576","tier":"NotSpecified"}},"flowFailureAlertSubscribed":false}}